{"left-blog":{"categories-6":{"title":"","count":0,"hierarchical":0,"dropdown":0,"widget_style":"default","adoptions":false,"widget_display":{"display_select":"all","taxonomy-slugs":"","post-type":"","catid":"","postid":""}},"archives-3":{"title":"","count":0,"dropdown":0,"widget_style":"default","adoptions":false,"widget_display":{"display_select":"all","taxonomy-slugs":"","post-type":"","catid":"","postid":""}},"media_image-8":{"attachment_id":4288,"url":"http:\/\/dev.ytcvn.com\/ytc_templates\/wordpress\/sw_shop4u\/wp-content\/uploads\/2017\/12\/banner-left2.jpg","title":"","size":"full","width":250,"height":390,"caption":"","alt":"","link_type":"custom","link_url":"","image_classes":"","link_classes":"","link_rel":"","link_target_blank":false,"image_title":"","widget_style":"default","adoptions":false,"widget_display":{"display_select":"all","taxonomy-slugs":"","post-type":"","catid":"","postid":""}}},"right-blog":{"categories-7":{"title":"","count":0,"hierarchical":0,"dropdown":0,"widget_style":"default","adoptions":false,"widget_display":{"display_select":"all","taxonomy-slugs":"","post-type":"","catid":"","postid":""}},"archives-2":{"title":"","count":0,"dropdown":0,"widget_style":"default","adoptions":false,"widget_display":{"display_select":"all","taxonomy-slugs":"","post-type":"","catid":"","postid":""}},"media_image-7":{"attachment_id":4288,"url":"http:\/\/dev.ytcvn.com\/ytc_templates\/wordpress\/sw_shop4u\/wp-content\/uploads\/2017\/12\/banner-left2.jpg","title":"","size":"full","width":250,"height":390,"caption":"","alt":"","link_type":"custom","link_url":"","image_classes":"","link_classes":"","link_rel":"","link_target_blank":false,"image_title":"","widget_style":"default","adoptions":false,"widget_display":{"display_select":"all","taxonomy-slugs":"","post-type":"","catid":"","postid":""}}},"top":{"text-2":{"title":"","text":"<ul class=\"top-left\">\r\n \t<li class=\"item1\">finalcial services<\/li>\r\n \t<li class=\"item2\">wrewards<\/li>\r\n \t<li class=\"item3\">stores<\/li>\r\n \t<li class=\"item4\">customer support<\/li>\r\n<\/ul>","filter":true,"visual":true,"widget_style":"pull-left","adoptions":"on","widget_display":{"display_select":"all","taxonomy-slugs":"","post-type":"","catid":"","postid":""}},"text-3":{"title":"","text":"<ul class=\"top-right\">\r\n \t<li class=\"item1\">safe &amp; secure<\/li>\r\n \t<li class=\"item2\">easy returns<\/li>\r\n<\/ul>","filter":true,"visual":true,"widget_style":"pull-right","adoptions":"on","widget_display":{"display_select":"all","taxonomy-slugs":"","post-type":"","catid":"","postid":""}}},"top2":{"woocommerce_currency_converter-2":{"title":"","currency_codes":"USD\nEUR","message":"","show_reset":"","show_symbols":"","currency_display":"","disable_location":false,"widget_style":"pull-left","adoptions":"on","widget_display":{"display_select":"all","taxonomy-slugs":"","post-type":"","catid":"","postid":""}},"text-5":{"title":"","text":"<div id=\"lang_sel\">\r\n<ul class=\"nav\">\r\n \t<li><a class=\"lang_sel_sel icl-en\" href=\"#\">English<\/a>\r\n<ul>\r\n \t<li class=\"icl-en\"><a href=\"[get_url]&amp;direction=ltr\">English<\/a><\/li>\r\n \t<li class=\"icl-ar\"><a href=\"[get_url]&amp;direction=rtl\">Arabic<\/a><\/li>\r\n<\/ul>\r\n<\/li>\r\n<\/ul>\r\n<\/div>","filter":true,"visual":true,"widget_style":"pull-left","adoptions":"on","widget_display":{"display_select":"all","taxonomy-slugs":"","post-type":"","catid":"","postid":""}},"nav_menu-10":{"nav_menu":8,"widget_style":"pull-right","adoptions":"on","widget_display":{"display_select":"all","taxonomy-slugs":"","post-type":"","catid":"","postid":""}}},"mid-header":{"sw_top-22":{"title":"","widget_template":"minicart","widget_style":"pull-right","adoptions":"on","widget_display":{"display_select":"all","taxonomy-slugs":"","post-type":"","catid":"","postid":""}},"sw_top-23":{"title":"","widget_template":"login","widget_style":"pull-right","adoptions":"on","widget_display":{"display_select":"all","taxonomy-slugs":"","post-type":"","catid":"","postid":""}}},"mid-header2":{"sw_top-25":{"title":"","widget_template":"minicart","widget_style":"pull-right","adoptions":"on","widget_display":{"display_select":"all","taxonomy-slugs":"","post-type":"","catid":"","postid":""}},"sw_top-24":{"title":"","widget_template":"login2","widget_style":"pull-right","adoptions":"on","widget_display":{"display_select":"all","taxonomy-slugs":"","post-type":"","catid":"","postid":""}}},"bottom-header":{"text-4":{"title":"","text":"<div class=\"contact-header\"><span class=\"text\">call us now:<\/span> <span class=\"phone\">0123-444-666<\/span>\r\nEmail:<a href=\"mailto:contact@wpthemego.com\"> contact@example.com<\/a><\/div>","filter":true,"visual":true,"widget_style":"pull-right","adoptions":"on","widget_display":{"display_select":"all","taxonomy-slugs":"","post-type":"","catid":"","postid":""}}},"bottom-header2":{"text-6":{"title":"","text":"<div class=\"header-call\">Call us:<a href=\"tel:500500100\">+84 500-500-100<\/a><\/div>","filter":true,"visual":true,"widget_style":"pull-right","adoptions":"on","widget_display":{"display_select":"all","taxonomy-slugs":"","post-type":"","catid":"","postid":""}}},"left-product":{"woocommerce_product_categories-4":{"title":"Categories","orderby":"name","dropdown":0,"count":0,"hierarchical":0,"show_children_only":1,"hide_empty":1,"widget_style":"default","adoptions":false,"widget_display":{"display_select":"all","taxonomy-slugs":"","post-type":"","catid":"","postid":""}},"woocommerce_layered_nav-4":{"title":"Color","attribute":"color","display_type":"list","query_type":"and","widget_style":"default","adoptions":false,"widget_display":{"display_select":"all","taxonomy-slugs":"","post-type":"","catid":"","postid":""}},"woocommerce_layered_nav-5":{"title":"Size","attribute":"size","display_type":"list","query_type":"and","widget_style":"default","adoptions":false,"widget_display":{"display_select":"all","taxonomy-slugs":"","post-type":"","catid":"","postid":""}},"woocommerce_price_filter-3":{"title":"price","widget_style":"default","adoptions":false,"widget_display":{"display_select":"all","taxonomy-slugs":"","post-type":"","catid":"","postid":""}},"text-7":{"title":"","text":"[BestSale title=\"BEST SELLERS\" number=\"4\" template=\"default\"]","filter":true,"visual":true,"widget_style":"default","adoptions":false,"widget_display":{"display_select":"all","taxonomy-slugs":"","post-type":"","catid":"","postid":""}},"media_image-3":{"attachment_id":4288,"url":"http:\/\/dev.ytcvn.com\/ytc_templates\/wordpress\/sw_shop4u\/wp-content\/uploads\/2017\/12\/banner-left2.jpg","title":"","size":"full","width":250,"height":390,"caption":"","alt":"","link_type":"custom","link_url":"","image_classes":"","link_classes":"","link_rel":"","link_target_blank":false,"image_title":"","widget_style":"default","adoptions":false,"widget_display":{"display_select":"all","taxonomy-slugs":"","post-type":"","catid":"","postid":""}}},"right-product":{"woocommerce_product_categories-3":{"title":"Categories","orderby":"name","dropdown":0,"count":0,"hierarchical":0,"show_children_only":1,"hide_empty":1,"widget_style":"default","adoptions":false,"widget_display":{"display_select":"all","taxonomy-slugs":"","post-type":"","catid":"","postid":""}},"woocommerce_layered_nav-2":{"title":"Color","attribute":"color","display_type":"list","query_type":"and","widget_style":"default","adoptions":false,"widget_display":{"display_select":"all","taxonomy-slugs":"","post-type":"","catid":"","postid":""}},"woocommerce_layered_nav-3":{"title":"Size","attribute":"size","display_type":"list","query_type":"and","widget_style":"default","adoptions":false,"widget_display":{"display_select":"all","taxonomy-slugs":"","post-type":"","catid":"","postid":""}},"woocommerce_price_filter-2":{"title":"price","widget_style":"default","adoptions":false,"widget_display":{"display_select":"all","taxonomy-slugs":"","post-type":"","catid":"","postid":""}},"media_image-4":{"attachment_id":4288,"url":"http:\/\/dev.ytcvn.com\/ytc_templates\/wordpress\/sw_shop4u\/wp-content\/uploads\/2017\/12\/banner-left2.jpg","title":"","size":"full","width":250,"height":390,"caption":"","alt":"","link_type":"custom","link_url":"","image_classes":"","link_classes":"","link_rel":"","link_target_blank":false,"image_title":"","widget_style":"default","adoptions":false,"widget_display":{"display_select":"all","taxonomy-slugs":"","post-type":"","catid":"","postid":""}},"text-8":{"title":"","text":"[BestSale title=\"BEST SELLERS\" number=\"4\" template=\"default\"]","filter":true,"visual":true,"widget_style":"default","adoptions":false,"widget_display":{"display_select":"all","taxonomy-slugs":"","post-type":"","catid":"","postid":""}}},"left-product-detail":{"woocommerce_product_categories-5":{"title":"Categories","orderby":"name","dropdown":0,"count":0,"hierarchical":0,"show_children_only":0,"hide_empty":0,"widget_style":"default","adoptions":"on","widget_display":{"display_select":"all","taxonomy-slugs":"","post-type":"","catid":"","postid":""}},"text-9":{"title":"","text":"[BestSale title=\"BEST SELLERS\" number=\"4\" template=\"default\"]","filter":true,"visual":true,"widget_style":"default","adoptions":false,"widget_display":{"display_select":"all","taxonomy-slugs":"","post-type":"","catid":"","postid":""}},"media_image-5":{"attachment_id":4288,"url":"http:\/\/dev.ytcvn.com\/ytc_templates\/wordpress\/sw_shop4u\/wp-content\/uploads\/2017\/12\/banner-left2.jpg","title":"","size":"full","width":250,"height":390,"caption":"","alt":"","link_type":"custom","link_url":"","image_classes":"","link_classes":"","link_rel":"","link_target_blank":false,"image_title":"","widget_style":"default","adoptions":false,"widget_display":{"display_select":"all","taxonomy-slugs":"","post-type":"","catid":"","postid":""}}},"right-product-detail":{"woocommerce_product_categories-6":{"title":"Categories","orderby":"name","dropdown":0,"count":0,"hierarchical":0,"show_children_only":0,"hide_empty":0,"widget_style":"default","adoptions":false,"widget_display":{"display_select":"all","taxonomy-slugs":"","post-type":"","catid":"","postid":""}},"text-10":{"title":"","text":"[BestSale title=\"BEST SELLERS\" number=\"4\" template=\"default\"]","filter":true,"visual":true,"widget_style":"default","adoptions":false,"widget_display":{"display_select":"all","taxonomy-slugs":"","post-type":"","catid":"","postid":""}},"media_image-6":{"attachment_id":4288,"url":"http:\/\/dev.ytcvn.com\/ytc_templates\/wordpress\/sw_shop4u\/wp-content\/uploads\/2017\/12\/banner-left2.jpg","title":"","size":"full","width":250,"height":390,"caption":"","alt":"","link_type":"custom","link_url":"","image_classes":"","link_classes":"","link_rel":"","link_target_blank":false,"image_title":"","widget_style":"default","adoptions":false,"widget_display":{"display_select":"all","taxonomy-slugs":"","post-type":"","catid":"","postid":""}}},"bottom-detail-product":{"sw_related_upsell_widget-3":{"title1":"Related","description1":"","numberposts":5,"length":25,"columns":4,"columns1":3,"columns2":2,"columns3":2,"columns4":1,"interval":5000,"speed":1000,"scroll":1,"autoplay":"false","widget_template":"related","widget_style":"default","adoptions":false,"widget_display":{"display_select":"all","taxonomy-slugs":"","post-type":"","catid":"","postid":""},"title_length":0}},"footer-copyright":{"media_image-2":{"attachment_id":4185,"url":"http:\/\/dev.ytcvn.com\/ytc_templates\/wordpress\/sw_shop4u\/wp-content\/uploads\/2017\/12\/pay.png","title":"","size":"full","width":370,"height":32,"caption":"","alt":"","link_type":"custom","link_url":"","image_classes":"","link_classes":"","link_rel":"","link_target_blank":false,"image_title":"","widget_style":"default","adoptions":false,"widget_display":{"display_select":"all","taxonomy-slugs":"","post-type":"","catid":"","postid":""}}},"search":{"sw_ajax_woocommerce_search-2":{"title":"","show_title":"1","extra_class":"","width_image":"50","height_image":"50","limit":"5","character":"3","show_category":"1","show_image":"1","show_price":"1","search_type":"1","widget_template":"default","widget_style":"default","adoptions":false,"widget_display":{"display_select":"all","taxonomy-slugs":"","post-type":"","catid":"","postid":""}}}}